Algorithm,Threshold,n,k,AvgComparisons,AvgSwaps,Type
insertion_sort,NA,10,1,22.00,13.00,random
quick_sort,NA,10,1,19.00,15.00,random
dual_pivot_quick_sort,NA,10,1,27.00,9.00,random
hybrid_sort,15,10,1,22.00,14.00,random
insertion_sort,NA,10,1,9.00,0,sorted
quick_sort,NA,10,1,45.00,54.00,sorted
dual_pivot_quick_sort,NA,10,1,45.00,0,sorted
hybrid_sort,15,10,1,9.00,0,sorted
insertion_sort,NA,10,1,45.00,45.00,reverse
quick_sort,NA,10,1,45.00,29.00,reverse
dual_pivot_quick_sort,NA,10,1,45.00,5.00,reverse
hybrid_sort,15,10,1,45.00,45.00,reverse
insertion_sort,NA,20,1,99.00,81.00,random
quick_sort,NA,20,1,90.00,50.00,random
dual_pivot_quick_sort,NA,20,1,75.00,22.00,random
hybrid_sort,15,20,1,73.00,46.00,random
insertion_sort,NA,20,1,19.00,0,sorted
quick_sort,NA,20,1,190.00,209.00,sorted
dual_pivot_quick_sort,NA,20,1,190.00,0,sorted
hybrid_sort,15,20,1,154.00,155.00,sorted
insertion_sort,NA,20,1,190.00,190.00,reverse
quick_sort,NA,20,1,190.00,109.00,reverse
dual_pivot_quick_sort,NA,20,1,190.00,10.00,reverse
hybrid_sort,15,20,1,190.00,125.00,reverse
insertion_sort,NA,30,1,224.00,198.00,random
quick_sort,NA,30,1,135.00,98.00,random
dual_pivot_quick_sort,NA,30,1,121.00,38.00,random
hybrid_sort,15,30,1,150.00,118.00,random
insertion_sort,NA,30,1,29.00,0,sorted
quick_sort,NA,30,1,435.00,464.00,sorted
dual_pivot_quick_sort,NA,30,1,435.00,0,sorted
hybrid_sort,15,30,1,399.00,410.00,sorted
insertion_sort,NA,30,1,435.00,435.00,reverse
quick_sort,NA,30,1,435.00,239.00,reverse
dual_pivot_quick_sort,NA,30,1,435.00,15.00,reverse
hybrid_sort,15,30,1,435.00,255.00,reverse
insertion_sort,NA,40,1,387.00,351.00,random
quick_sort,NA,40,1,201.00,107.00,random
dual_pivot_quick_sort,NA,40,1,187.00,83.00,random
hybrid_sort,15,40,1,215.00,107.00,random
insertion_sort,NA,40,1,39.00,0,sorted
quick_sort,NA,40,1,780.00,819.00,sorted
dual_pivot_quick_sort,NA,40,1,780.00,0,sorted
hybrid_sort,15,40,1,744.00,765.00,sorted
insertion_sort,NA,40,1,780.00,780.00,reverse
quick_sort,NA,40,1,780.00,419.00,reverse
dual_pivot_quick_sort,NA,40,1,780.00,20.00,reverse
hybrid_sort,15,40,1,780.00,435.00,reverse
insertion_sort,NA,50,1,701.00,655.00,random
quick_sort,NA,50,1,222.00,147.00,random
dual_pivot_quick_sort,NA,50,1,245.00,101.00,random
hybrid_sort,15,50,1,224.00,130.00,random
insertion_sort,NA,50,1,49.00,0,sorted
quick_sort,NA,50,1,1225.00,1274.00,sorted
dual_pivot_quick_sort,NA,50,1,1225.00,0,sorted
hybrid_sort,15,50,1,1189.00,1220.00,sorted
insertion_sort,NA,50,1,1225.00,1225.00,reverse
quick_sort,NA,50,1,1225.00,649.00,reverse
dual_pivot_quick_sort,NA,50,1,1225.00,25.00,reverse
hybrid_sort,15,50,1,1225.00,665.00,reverse
insertion_sort,NA,10,10,28.80,20.90,random
quick_sort,NA,10,10,23.30,18.40,random
dual_pivot_quick_sort,NA,10,10,25.40,9.20,random
hybrid_sort,15,10,10,30.50,23.20,random
insertion_sort,NA,10,10,9.00,0,sorted
quick_sort,NA,10,10,45.00,54.00,sorted
dual_pivot_quick_sort,NA,10,10,45.00,0,sorted
hybrid_sort,15,10,10,9.00,0,sorted
insertion_sort,NA,10,10,45.00,45.00,reverse
quick_sort,NA,10,10,45.00,29.00,reverse
dual_pivot_quick_sort,NA,10,10,45.00,5.00,reverse
hybrid_sort,15,10,10,45.00,45.00,reverse
insertion_sort,NA,20,10,110.90,93.80,random
quick_sort,NA,20,10,65.30,41.40,random
dual_pivot_quick_sort,NA,20,10,75.30,25.80,random
hybrid_sort,15,20,10,75.60,46.40,random
insertion_sort,NA,20,10,19.00,0,sorted
quick_sort,NA,20,10,190.00,209.00,sorted
dual_pivot_quick_sort,NA,20,10,190.00,0,sorted
hybrid_sort,15,20,10,154.00,155.00,sorted
insertion_sort,NA,20,10,190.00,190.00,reverse
quick_sort,NA,20,10,190.00,109.00,reverse
dual_pivot_quick_sort,NA,20,10,190.00,10.00,reverse
hybrid_sort,15,20,10,190.00,125.00,reverse
insertion_sort,NA,30,10,245.20,219.50,random
quick_sort,NA,30,10,118.50,80.30,random
dual_pivot_quick_sort,NA,30,10,129.80,50.60,random
hybrid_sort,15,30,10,134.80,79.50,random
insertion_sort,NA,30,10,29.00,0,sorted
quick_sort,NA,30,10,435.00,464.00,sorted
dual_pivot_quick_sort,NA,30,10,435.00,0,sorted
hybrid_sort,15,30,10,399.00,410.00,sorted
insertion_sort,NA,30,10,435.00,435.00,reverse
quick_sort,NA,30,10,435.00,239.00,reverse
dual_pivot_quick_sort,NA,30,10,435.00,15.00,reverse
hybrid_sort,15,30,10,435.00,255.00,reverse
insertion_sort,NA,40,10,427.70,390.70,random
quick_sort,NA,40,10,192.50,106.60,random
dual_pivot_quick_sort,NA,40,10,191.60,74.80,random
hybrid_sort,15,40,10,202.70,126.70,random
insertion_sort,NA,40,10,39.00,0,sorted
quick_sort,NA,40,10,780.00,819.00,sorted
dual_pivot_quick_sort,NA,40,10,780.00,0,sorted
hybrid_sort,15,40,10,744.00,765.00,sorted
insertion_sort,NA,40,10,780.00,780.00,reverse
quick_sort,NA,40,10,780.00,419.00,reverse
dual_pivot_quick_sort,NA,40,10,780.00,20.00,reverse
hybrid_sort,15,40,10,780.00,435.00,reverse
insertion_sort,NA,50,10,655.50,610.20,random
quick_sort,NA,50,10,263.80,158.60,random
dual_pivot_quick_sort,NA,50,10,267.10,109.10,random
hybrid_sort,15,50,10,265.10,150.10,random
insertion_sort,NA,50,10,49.00,0,sorted
quick_sort,NA,50,10,1225.00,1274.00,sorted
dual_pivot_quick_sort,NA,50,10,1225.00,0,sorted
hybrid_sort,15,50,10,1189.00,1220.00,sorted
insertion_sort,NA,50,10,1225.00,1225.00,reverse
quick_sort,NA,50,10,1225.00,649.00,reverse
dual_pivot_quick_sort,NA,50,10,1225.00,25.00,reverse
hybrid_sort,15,50,10,1225.00,665.00,reverse
insertion_sort,NA,10,100,28.67,21.27,random
quick_sort,NA,10,100,24.88,17.87,random
dual_pivot_quick_sort,NA,10,100,24.60,9.59,random
hybrid_sort,15,10,100,28.18,20.74,random
insertion_sort,NA,10,100,9.00,0,sorted
quick_sort,NA,10,100,45.00,54.00,sorted
dual_pivot_quick_sort,NA,10,100,45.00,0,sorted
hybrid_sort,15,10,100,9.00,0,sorted
insertion_sort,NA,10,100,45.00,45.00,reverse
quick_sort,NA,10,100,45.00,29.00,reverse
dual_pivot_quick_sort,NA,10,100,45.00,5.00,reverse
hybrid_sort,15,10,100,45.00,45.00,reverse
insertion_sort,NA,20,100,108.92,92.30,random
quick_sort,NA,20,100,72.26,46.25,random
dual_pivot_quick_sort,NA,20,100,71.58,26.72,random
hybrid_sort,15,20,100,73.61,45.62,random
insertion_sort,NA,20,100,19.00,0,sorted
quick_sort,NA,20,100,190.00,209.00,sorted
dual_pivot_quick_sort,NA,20,100,190.00,0,sorted
hybrid_sort,15,20,100,154.00,155.00,sorted
insertion_sort,NA,20,100,190.00,190.00,reverse
quick_sort,NA,20,100,190.00,109.00,reverse
dual_pivot_quick_sort,NA,20,100,190.00,10.00,reverse
hybrid_sort,15,20,100,190.00,125.00,reverse
insertion_sort,NA,30,100,240.55,214.07,random
quick_sort,NA,30,100,127.99,77.41,random
dual_pivot_quick_sort,NA,30,100,129.53,49.64,random
hybrid_sort,15,30,100,131.84,77.87,random
insertion_sort,NA,30,100,29.00,0,sorted
quick_sort,NA,30,100,435.00,464.00,sorted
dual_pivot_quick_sort,NA,30,100,435.00,0,sorted
hybrid_sort,15,30,100,399.00,410.00,sorted
insertion_sort,NA,30,100,435.00,435.00,reverse
quick_sort,NA,30,100,435.00,239.00,reverse
dual_pivot_quick_sort,NA,30,100,435.00,15.00,reverse
hybrid_sort,15,30,100,435.00,255.00,reverse
insertion_sort,NA,40,100,419.91,384.24,random
quick_sort,NA,40,100,188.79,117.74,random
dual_pivot_quick_sort,NA,40,100,189.56,70.62,random
hybrid_sort,15,40,100,196.51,113.10,random
insertion_sort,NA,40,100,39.00,0,sorted
quick_sort,NA,40,100,780.00,819.00,sorted
dual_pivot_quick_sort,NA,40,100,780.00,0,sorted
hybrid_sort,15,40,100,744.00,765.00,sorted
insertion_sort,NA,40,100,780.00,780.00,reverse
quick_sort,NA,40,100,780.00,419.00,reverse
dual_pivot_quick_sort,NA,40,100,780.00,20.00,reverse
hybrid_sort,15,40,100,780.00,435.00,reverse
insertion_sort,NA,50,100,650.43,604.76,random
quick_sort,NA,50,100,264.43,157.18,random
dual_pivot_quick_sort,NA,50,100,261.75,98.44,random
hybrid_sort,15,50,100,264.81,155.41,random
insertion_sort,NA,50,100,49.00,0,sorted
quick_sort,NA,50,100,1225.00,1274.00,sorted
dual_pivot_quick_sort,NA,50,100,1225.00,0,sorted
hybrid_sort,15,50,100,1189.00,1220.00,sorted
insertion_sort,NA,50,100,1225.00,1225.00,reverse
quick_sort,NA,50,100,1225.00,649.00,reverse
dual_pivot_quick_sort,NA,50,100,1225.00,25.00,reverse
hybrid_sort,15,50,100,1225.00,665.00,reverse
quick_sort,15,1000,1,10338.00,6353.00,random
dual_pivot_quick_sort,15,1000,1,10637.00,3757.00,random
hybrid_sort,15,1000,1,10763.00,6350.00,random
quick_sort,15,1000,1,499500.00,500499.00,sorted
dual_pivot_quick_sort,15,1000,1,499500.00,0,sorted
hybrid_sort,15,1000,1,499464.00,500445.00,sorted
quick_sort,15,1000,1,499500.00,250499.00,reverse
dual_pivot_quick_sort,15,1000,1,499500.00,500.00,reverse
hybrid_sort,15,1000,1,499500.00,250515.00,reverse
quick_sort,15,2000,1,25056.00,12897.00,random
dual_pivot_quick_sort,15,2000,1,26295.00,10269.00,random
hybrid_sort,15,2000,1,26151.00,12112.00,random
quick_sort,15,2000,1,1999000.00,2000999.00,sorted
dual_pivot_quick_sort,15,2000,1,1999000.00,0,sorted
hybrid_sort,15,2000,1,1998964.00,2000945.00,sorted
quick_sort,15,2000,1,1999000.00,1000999.00,reverse
dual_pivot_quick_sort,15,2000,1,1999000.00,1000.00,reverse
hybrid_sort,15,2000,1,1999000.00,1001015.00,reverse
quick_sort,15,3000,1,40752.00,21088.00,random
dual_pivot_quick_sort,15,3000,1,39251.00,17043.00,random
hybrid_sort,15,3000,1,39010.00,21517.00,random
quick_sort,15,3000,1,4498500.00,4501499.00,sorted
dual_pivot_quick_sort,15,3000,1,4498500.00,0,sorted
hybrid_sort,15,3000,1,4498464.00,4501445.00,sorted
quick_sort,15,3000,1,4498500.00,2251499.00,reverse
dual_pivot_quick_sort,15,3000,1,4498500.00,1500.00,reverse
hybrid_sort,15,3000,1,4498500.00,2251515.00,reverse
quick_sort,15,4000,1,51981.00,27075.00,random
dual_pivot_quick_sort,15,4000,1,54812.00,22672.00,random
hybrid_sort,15,4000,1,52861.00,28123.00,random
quick_sort,15,4000,1,7998000.00,8001999.00,sorted
dual_pivot_quick_sort,15,4000,1,7998000.00,0,sorted
hybrid_sort,15,4000,1,7997964.00,8001945.00,sorted
quick_sort,15,4000,1,7998000.00,4001999.00,reverse
dual_pivot_quick_sort,15,4000,1,7998000.00,2000.00,reverse
hybrid_sort,15,4000,1,7998000.00,4002015.00,reverse
quick_sort,15,5000,1,73196.00,37171.00,random
dual_pivot_quick_sort,15,5000,1,66589.00,27675.00,random
hybrid_sort,15,5000,1,71867.00,41300.00,random
quick_sort,15,5000,1,12497500.00,12502499.00,sorted
dual_pivot_quick_sort,15,5000,1,12497500.00,0,sorted
hybrid_sort,15,5000,1,12497464.00,12502445.00,sorted
quick_sort,15,5000,1,12497500.00,6252499.00,reverse
dual_pivot_quick_sort,15,5000,1,12497500.00,2500.00,reverse
hybrid_sort,15,5000,1,12497500.00,6252515.00,reverse
quick_sort,15,6000,1,88661.00,46566.00,random
dual_pivot_quick_sort,15,6000,1,85391.00,36175.00,random
hybrid_sort,15,6000,1,84284.00,46174.00,random
quick_sort,15,6000,1,17997000.00,18002999.00,sorted
dual_pivot_quick_sort,15,6000,1,17997000.00,0,sorted
hybrid_sort,15,6000,1,17996964.00,18002945.00,sorted
quick_sort,15,6000,1,17997000.00,9002999.00,reverse
dual_pivot_quick_sort,15,6000,1,17997000.00,3000.00,reverse
hybrid_sort,15,6000,1,17997000.00,9003015.00,reverse
quick_sort,15,7000,1,102792.00,54242.00,random
dual_pivot_quick_sort,15,7000,1,102626.00,42878.00,random
hybrid_sort,15,7000,1,127121.00,56649.00,random
quick_sort,15,7000,1,24496500.00,24503499.00,sorted
dual_pivot_quick_sort,15,7000,1,24496500.00,0,sorted
hybrid_sort,15,7000,1,24496464.00,24503445.00,sorted
quick_sort,15,7000,1,24496500.00,12253499.00,reverse
dual_pivot_quick_sort,15,7000,1,24496500.00,3500.00,reverse
hybrid_sort,15,7000,1,24496500.00,12253515.00,reverse
quick_sort,15,8000,1,122504.00,65817.00,random
dual_pivot_quick_sort,15,8000,1,115729.00,46082.00,random
hybrid_sort,15,8000,1,123615.00,69286.00,random
quick_sort,15,8000,1,31996000.00,32003999.00,sorted
dual_pivot_quick_sort,15,8000,1,31996000.00,0,sorted
hybrid_sort,15,8000,1,31995964.00,32003945.00,sorted
quick_sort,15,8000,1,31996000.00,16003999.00,reverse
dual_pivot_quick_sort,15,8000,1,31996000.00,4000.00,reverse
hybrid_sort,15,8000,1,31996000.00,16004015.00,reverse
quick_sort,15,9000,1,134303.00,65952.00,random
dual_pivot_quick_sort,15,9000,1,135970.00,52379.00,random
hybrid_sort,15,9000,1,150121.00,88753.00,random
quick_sort,15,9000,1,40495500.00,40504499.00,sorted
dual_pivot_quick_sort,15,9000,1,40495500.00,0,sorted
hybrid_sort,15,9000,1,40495464.00,40504445.00,sorted
quick_sort,15,9000,1,40495500.00,20254499.00,reverse
dual_pivot_quick_sort,15,9000,1,40495500.00,4500.00,reverse
hybrid_sort,15,9000,1,40495500.00,20254515.00,reverse
quick_sort,15,10000,1,158279.00,79767.00,random
dual_pivot_quick_sort,15,10000,1,155736.00,62730.00,random
hybrid_sort,15,10000,1,157058.00,91659.00,random
quick_sort,15,10000,1,49995000.00,50004999.00,sorted
dual_pivot_quick_sort,15,10000,1,49995000.00,0,sorted
hybrid_sort,15,10000,1,49994964.00,50004945.00,sorted
quick_sort,15,10000,1,49995000.00,25004999.00,reverse
dual_pivot_quick_sort,15,10000,1,49995000.00,5000.00,reverse
hybrid_sort,15,10000,1,49995000.00,25005015.00,reverse
quick_sort,15,11000,1,170029.00,91980.00,random
dual_pivot_quick_sort,15,11000,1,191436.00,69591.00,random
hybrid_sort,15,11000,1,175283.00,94245.00,random
quick_sort,15,11000,1,60494500.00,60505499.00,sorted
dual_pivot_quick_sort,15,11000,1,60494500.00,0,sorted
hybrid_sort,15,11000,1,60494464.00,60505445.00,sorted
quick_sort,15,11000,1,60494500.00,30255499.00,reverse
dual_pivot_quick_sort,15,11000,1,60494500.00,5500.00,reverse
hybrid_sort,15,11000,1,60494500.00,30255515.00,reverse
quick_sort,15,12000,1,178380.00,100291.00,random
dual_pivot_quick_sort,15,12000,1,183771.00,66431.00,random
hybrid_sort,15,12000,1,186359.00,92742.00,random
quick_sort,15,12000,1,71994000.00,72005999.00,sorted
dual_pivot_quick_sort,15,12000,1,71994000.00,0,sorted
hybrid_sort,15,12000,1,71993964.00,72005945.00,sorted
quick_sort,15,12000,1,71994000.00,36005999.00,reverse
dual_pivot_quick_sort,15,12000,1,71994000.00,6000.00,reverse
hybrid_sort,15,12000,1,71994000.00,36006015.00,reverse
quick_sort,15,13000,1,208339.00,117413.00,random
dual_pivot_quick_sort,15,13000,1,208217.00,83490.00,random
hybrid_sort,15,13000,1,201563.00,105179.00,random
quick_sort,15,13000,1,84493500.00,84506499.00,sorted
dual_pivot_quick_sort,15,13000,1,84493500.00,0,sorted
hybrid_sort,15,13000,1,84493464.00,84506445.00,sorted
quick_sort,15,13000,1,84493500.00,42256499.00,reverse
dual_pivot_quick_sort,15,13000,1,84493500.00,6500.00,reverse
hybrid_sort,15,13000,1,84493500.00,42256515.00,reverse
quick_sort,15,14000,1,238037.00,134126.00,random
dual_pivot_quick_sort,15,14000,1,232795.00,96697.00,random
hybrid_sort,15,14000,1,230867.00,110192.00,random
quick_sort,15,14000,1,97993000.00,98006999.00,sorted
dual_pivot_quick_sort,15,14000,1,97993000.00,0,sorted
hybrid_sort,15,14000,1,97992964.00,98006945.00,sorted
quick_sort,15,14000,1,97993000.00,49006999.00,reverse
dual_pivot_quick_sort,15,14000,1,97993000.00,7000.00,reverse
hybrid_sort,15,14000,1,97993000.00,49007015.00,reverse
quick_sort,15,15000,1,238901.00,129370.00,random
dual_pivot_quick_sort,15,15000,1,263242.00,104222.00,random
hybrid_sort,15,15000,1,243130.00,132167.00,random
quick_sort,15,15000,1,112492500.00,112507499.00,sorted
dual_pivot_quick_sort,15,15000,1,112492500.00,0,sorted
hybrid_sort,15,15000,1,112492464.00,112507445.00,sorted
quick_sort,15,15000,1,112492500.00,56257499.00,reverse
dual_pivot_quick_sort,15,15000,1,112492500.00,7500.00,reverse
hybrid_sort,15,15000,1,112492500.00,56257515.00,reverse
quick_sort,15,16000,1,278302.00,160599.00,random
dual_pivot_quick_sort,15,16000,1,256592.00,102395.00,random
hybrid_sort,15,16000,1,291483.00,152599.00,random
quick_sort,15,16000,1,127992000.00,128007999.00,sorted
dual_pivot_quick_sort,15,16000,1,127992000.00,0,sorted
hybrid_sort,15,16000,1,127991964.00,128007945.00,sorted
quick_sort,15,16000,1,127992000.00,64007999.00,reverse
dual_pivot_quick_sort,15,16000,1,127992000.00,8000.00,reverse
hybrid_sort,15,16000,1,127992000.00,64008015.00,reverse
quick_sort,15,17000,1,282227.00,148894.00,random
dual_pivot_quick_sort,15,17000,1,283887.00,118073.00,random
hybrid_sort,15,17000,1,277415.00,146078.00,random
quick_sort,15,17000,1,144491500.00,144508499.00,sorted
dual_pivot_quick_sort,15,17000,1,144491500.00,0,sorted
hybrid_sort,15,17000,1,144491464.00,144508445.00,sorted
quick_sort,15,17000,1,144491500.00,72258499.00,reverse
dual_pivot_quick_sort,15,17000,1,144491500.00,8500.00,reverse
hybrid_sort,15,17000,1,144491500.00,72258515.00,reverse
quick_sort,15,18000,1,286197.00,153104.00,random
dual_pivot_quick_sort,15,18000,1,298305.00,109667.00,random
hybrid_sort,15,18000,1,303515.00,161469.00,random
quick_sort,15,18000,1,161991000.00,162008999.00,sorted
dual_pivot_quick_sort,15,18000,1,161991000.00,0,sorted
hybrid_sort,15,18000,1,161990964.00,162008945.00,sorted
quick_sort,15,18000,1,161991000.00,81008999.00,reverse
dual_pivot_quick_sort,15,18000,1,161991000.00,9000.00,reverse
hybrid_sort,15,18000,1,161991000.00,81009015.00,reverse
quick_sort,15,19000,1,348397.00,173255.00,random
dual_pivot_quick_sort,15,19000,1,320673.00,115687.00,random
hybrid_sort,15,19000,1,341333.00,181397.00,random
quick_sort,15,19000,1,180490500.00,180509499.00,sorted
dual_pivot_quick_sort,15,19000,1,180490500.00,0,sorted
hybrid_sort,15,19000,1,180490464.00,180509445.00,sorted
quick_sort,15,19000,1,180490500.00,90259499.00,reverse
dual_pivot_quick_sort,15,19000,1,180490500.00,9500.00,reverse
hybrid_sort,15,19000,1,180490500.00,90259515.00,reverse
quick_sort,15,20000,1,327779.00,185606.00,random
dual_pivot_quick_sort,15,20000,1,342213.00,121455.00,random
hybrid_sort,15,20000,1,373873.00,206603.00,random
quick_sort,15,20000,1,199990000.00,200009999.00,sorted
dual_pivot_quick_sort,15,20000,1,199990000.00,0,sorted
hybrid_sort,15,20000,1,199989964.00,200009945.00,sorted
quick_sort,15,20000,1,199990000.00,100009999.00,reverse
dual_pivot_quick_sort,15,20000,1,199990000.00,10000.00,reverse
hybrid_sort,15,20000,1,199990000.00,100010015.00,reverse
quick_sort,15,21000,1,353653.00,195079.00,random
dual_pivot_quick_sort,15,21000,1,364834.00,133967.00,random
hybrid_sort,15,21000,1,353568.00,176825.00,random
quick_sort,15,21000,1,220489500.00,220510499.00,sorted
dual_pivot_quick_sort,15,21000,1,220489500.00,0,sorted
hybrid_sort,15,21000,1,220489464.00,220510445.00,sorted
quick_sort,15,21000,1,220489500.00,110260499.00,reverse
dual_pivot_quick_sort,15,21000,1,220489500.00,10500.00,reverse
hybrid_sort,15,21000,1,220489500.00,110260515.00,reverse
quick_sort,15,22000,1,346379.00,187410.00,random
dual_pivot_quick_sort,15,22000,1,368993.00,155128.00,random
hybrid_sort,15,22000,1,365906.00,203107.00,random
quick_sort,15,22000,1,241989000.00,242010999.00,sorted
dual_pivot_quick_sort,15,22000,1,241989000.00,0,sorted
hybrid_sort,15,22000,1,241988964.00,242010945.00,sorted
quick_sort,15,22000,1,241989000.00,121010999.00,reverse
dual_pivot_quick_sort,15,22000,1,241989000.00,11000.00,reverse
hybrid_sort,15,22000,1,241989000.00,121011015.00,reverse
quick_sort,15,23000,1,374338.00,197453.00,random
dual_pivot_quick_sort,15,23000,1,384003.00,156837.00,random
hybrid_sort,15,23000,1,396454.00,220193.00,random
quick_sort,15,23000,1,264488500.00,264511499.00,sorted
dual_pivot_quick_sort,15,23000,1,264488500.00,0,sorted
hybrid_sort,15,23000,1,264488464.00,264511445.00,sorted
quick_sort,15,23000,1,264488500.00,132261499.00,reverse
dual_pivot_quick_sort,15,23000,1,264488500.00,11500.00,reverse
hybrid_sort,15,23000,1,264488500.00,132261515.00,reverse
quick_sort,15,24000,1,429487.00,242826.00,random
dual_pivot_quick_sort,15,24000,1,420286.00,159721.00,random
hybrid_sort,15,24000,1,421548.00,216461.00,random
quick_sort,15,24000,1,287988000.00,288011999.00,sorted
dual_pivot_quick_sort,15,24000,1,287988000.00,0,sorted
hybrid_sort,15,24000,1,287987964.00,288011945.00,sorted
quick_sort,15,24000,1,287988000.00,144011999.00,reverse
dual_pivot_quick_sort,15,24000,1,287988000.00,12000.00,reverse
hybrid_sort,15,24000,1,287988000.00,144012015.00,reverse
quick_sort,15,25000,1,413392.00,228402.00,random
dual_pivot_quick_sort,15,25000,1,427804.00,158637.00,random
hybrid_sort,15,25000,1,433391.00,224534.00,random
quick_sort,15,25000,1,312487500.00,312512499.00,sorted
dual_pivot_quick_sort,15,25000,1,312487500.00,0,sorted
hybrid_sort,15,25000,1,312487464.00,312512445.00,sorted
quick_sort,15,25000,1,312487500.00,156262499.00,reverse
dual_pivot_quick_sort,15,25000,1,312487500.00,12500.00,reverse
hybrid_sort,15,25000,1,312487500.00,156262515.00,reverse
quick_sort,15,26000,1,483307.00,249216.00,random
dual_pivot_quick_sort,15,26000,1,438668.00,168220.00,random
hybrid_sort,15,26000,1,453536.00,262996.00,random
quick_sort,15,26000,1,337987000.00,338012999.00,sorted
dual_pivot_quick_sort,15,26000,1,337987000.00,0,sorted
hybrid_sort,15,26000,1,337986964.00,338012945.00,sorted
quick_sort,15,26000,1,337987000.00,169012999.00,reverse
dual_pivot_quick_sort,15,26000,1,337987000.00,13000.00,reverse
hybrid_sort,15,26000,1,337987000.00,169013015.00,reverse
quick_sort,15,27000,1,471946.00,246569.00,random
dual_pivot_quick_sort,15,27000,1,482807.00,176360.00,random
hybrid_sort,15,27000,1,481133.00,242594.00,random
quick_sort,15,27000,1,364486500.00,364513499.00,sorted
dual_pivot_quick_sort,15,27000,1,364486500.00,0,sorted
hybrid_sort,15,27000,1,364486464.00,364513445.00,sorted
quick_sort,15,27000,1,364486500.00,182263499.00,reverse
dual_pivot_quick_sort,15,27000,1,364486500.00,13500.00,reverse
hybrid_sort,15,27000,1,364486500.00,182263515.00,reverse
quick_sort,15,28000,1,521126.00,279314.00,random
dual_pivot_quick_sort,15,28000,1,503739.00,184908.00,random
hybrid_sort,15,28000,1,504342.00,250102.00,random
quick_sort,15,28000,1,391986000.00,392013999.00,sorted
dual_pivot_quick_sort,15,28000,1,391986000.00,0,sorted
hybrid_sort,15,28000,1,391985964.00,392013945.00,sorted
quick_sort,15,28000,1,391986000.00,196013999.00,reverse
dual_pivot_quick_sort,15,28000,1,391986000.00,14000.00,reverse
hybrid_sort,15,28000,1,391986000.00,196014015.00,reverse
quick_sort,15,29000,1,496047.00,262499.00,random
dual_pivot_quick_sort,15,29000,1,527495.00,180104.00,random
hybrid_sort,15,29000,1,566237.00,323519.00,random
quick_sort,15,29000,1,420485500.00,420514499.00,sorted
dual_pivot_quick_sort,15,29000,1,420485500.00,0,sorted
hybrid_sort,15,29000,1,420485464.00,420514445.00,sorted
quick_sort,15,29000,1,420485500.00,210264499.00,reverse
dual_pivot_quick_sort,15,29000,1,420485500.00,14500.00,reverse
hybrid_sort,15,29000,1,420485500.00,210264515.00,reverse
quick_sort,15,30000,1,510758.00,255406.00,random
dual_pivot_quick_sort,15,30000,1,550677.00,202195.00,random
hybrid_sort,15,30000,1,540694.00,297221.00,random
quick_sort,15,30000,1,449985000.00,450014999.00,sorted
dual_pivot_quick_sort,15,30000,1,449985000.00,0,sorted
hybrid_sort,15,30000,1,449984964.00,450014945.00,sorted
quick_sort,15,30000,1,449985000.00,225014999.00,reverse
dual_pivot_quick_sort,15,30000,1,449985000.00,15000.00,reverse
hybrid_sort,15,30000,1,449985000.00,225015015.00,reverse
quick_sort,15,31000,1,538964.00,254319.00,random
dual_pivot_quick_sort,15,31000,1,549665.00,208818.00,random
hybrid_sort,15,31000,1,562784.00,270705.00,random
quick_sort,15,31000,1,480484500.00,480515499.00,sorted
dual_pivot_quick_sort,15,31000,1,480484500.00,0,sorted
hybrid_sort,15,31000,1,480484464.00,480515445.00,sorted
quick_sort,15,31000,1,480484500.00,240265499.00,reverse
dual_pivot_quick_sort,15,31000,1,480484500.00,15500.00,reverse
hybrid_sort,15,31000,1,480484500.00,240265515.00,reverse
quick_sort,15,32000,1,593155.00,316469.00,random
dual_pivot_quick_sort,15,32000,1,576880.00,221110.00,random
hybrid_sort,15,32000,1,554045.00,293507.00,random
quick_sort,15,32000,1,511984000.00,512015999.00,sorted
dual_pivot_quick_sort,15,32000,1,511984000.00,0,sorted
hybrid_sort,15,32000,1,511983964.00,512015945.00,sorted
quick_sort,15,32000,1,511984000.00,256015999.00,reverse
dual_pivot_quick_sort,15,32000,1,511984000.00,16000.00,reverse
hybrid_sort,15,32000,1,511984000.00,256016015.00,reverse
quick_sort,15,33000,1,575039.00,326353.00,random
dual_pivot_quick_sort,15,33000,1,617183.00,201846.00,random
hybrid_sort,15,33000,1,593304.00,315631.00,random
quick_sort,15,33000,1,544483500.00,544516499.00,sorted
dual_pivot_quick_sort,15,33000,1,544483500.00,0,sorted
hybrid_sort,15,33000,1,544483464.00,544516445.00,sorted
quick_sort,15,33000,1,544483500.00,272266499.00,reverse
dual_pivot_quick_sort,15,33000,1,544483500.00,16500.00,reverse
hybrid_sort,15,33000,1,544483500.00,272266515.00,reverse
quick_sort,15,34000,1,592881.00,298936.00,random
dual_pivot_quick_sort,15,34000,1,593564.00,239169.00,random
hybrid_sort,15,34000,1,631264.00,299938.00,random
quick_sort,15,34000,1,577983000.00,578016999.00,sorted
dual_pivot_quick_sort,15,34000,1,577983000.00,0,sorted
hybrid_sort,15,34000,1,577982964.00,578016945.00,sorted
quick_sort,15,34000,1,577983000.00,289016999.00,reverse
dual_pivot_quick_sort,15,34000,1,577983000.00,17000.00,reverse
hybrid_sort,15,34000,1,577983000.00,289017015.00,reverse
quick_sort,15,35000,1,613920.00,330746.00,random
dual_pivot_quick_sort,15,35000,1,636307.00,257504.00,random
hybrid_sort,15,35000,1,638687.00,328933.00,random
quick_sort,15,35000,1,612482500.00,612517499.00,sorted
dual_pivot_quick_sort,15,35000,1,612482500.00,0,sorted
hybrid_sort,15,35000,1,612482464.00,612517445.00,sorted
quick_sort,15,35000,1,612482500.00,306267499.00,reverse
dual_pivot_quick_sort,15,35000,1,612482500.00,17500.00,reverse
hybrid_sort,15,35000,1,612482500.00,306267515.00,reverse
quick_sort,15,36000,1,668063.00,348428.00,random
dual_pivot_quick_sort,15,36000,1,625885.00,247549.00,random
hybrid_sort,15,36000,1,649476.00,340781.00,random
quick_sort,15,36000,1,647982000.00,648017999.00,sorted
dual_pivot_quick_sort,15,36000,1,647982000.00,0,sorted
hybrid_sort,15,36000,1,647981964.00,648017945.00,sorted
quick_sort,15,36000,1,647982000.00,324017999.00,reverse
dual_pivot_quick_sort,15,36000,1,647982000.00,18000.00,reverse
hybrid_sort,15,36000,1,647982000.00,324018015.00,reverse
quick_sort,15,37000,1,646485.00,322423.00,random
dual_pivot_quick_sort,15,37000,1,672673.00,278018.00,random
hybrid_sort,15,37000,1,681536.00,358551.00,random
quick_sort,15,37000,1,684481500.00,684518499.00,sorted
dual_pivot_quick_sort,15,37000,1,684481500.00,0,sorted
hybrid_sort,15,37000,1,684481464.00,684518445.00,sorted
quick_sort,15,37000,1,684481500.00,342268499.00,reverse
dual_pivot_quick_sort,15,37000,1,684481500.00,18500.00,reverse
hybrid_sort,15,37000,1,684481500.00,342268515.00,reverse
quick_sort,15,38000,1,677750.00,373004.00,random
dual_pivot_quick_sort,15,38000,1,685387.00,248330.00,random
hybrid_sort,15,38000,1,687775.00,327602.00,random
quick_sort,15,38000,1,721981000.00,722018999.00,sorted
dual_pivot_quick_sort,15,38000,1,721981000.00,0,sorted
hybrid_sort,15,38000,1,721980964.00,722018945.00,sorted
quick_sort,15,38000,1,721981000.00,361018999.00,reverse
dual_pivot_quick_sort,15,38000,1,721981000.00,19000.00,reverse
hybrid_sort,15,38000,1,721981000.00,361019015.00,reverse
quick_sort,15,39000,1,765150.00,444654.00,random
dual_pivot_quick_sort,15,39000,1,689833.00,291275.00,random
hybrid_sort,15,39000,1,724363.00,387638.00,random
quick_sort,15,39000,1,760480500.00,760519499.00,sorted
dual_pivot_quick_sort,15,39000,1,760480500.00,0,sorted
hybrid_sort,15,39000,1,760480464.00,760519445.00,sorted
quick_sort,15,39000,1,760480500.00,380269499.00,reverse
dual_pivot_quick_sort,15,39000,1,760480500.00,19500.00,reverse
hybrid_sort,15,39000,1,760480500.00,380269515.00,reverse
quick_sort,15,40000,1,729817.00,398939.00,random
dual_pivot_quick_sort,15,40000,1,754130.00,290464.00,random
hybrid_sort,15,40000,1,716007.00,380104.00,random
quick_sort,15,40000,1,799980000.00,800019999.00,sorted
dual_pivot_quick_sort,15,40000,1,799980000.00,0,sorted
hybrid_sort,15,40000,1,799979964.00,800019945.00,sorted
quick_sort,15,40000,1,799980000.00,400019999.00,reverse
dual_pivot_quick_sort,15,40000,1,799980000.00,20000.00,reverse
hybrid_sort,15,40000,1,799980000.00,400020015.00,reverse
quick_sort,15,41000,1,745292.00,420768.00,random
dual_pivot_quick_sort,15,41000,1,757917.00,279032.00,random
hybrid_sort,15,41000,1,750545.00,401183.00,random
quick_sort,15,41000,1,840479500.00,840520499.00,sorted
dual_pivot_quick_sort,15,41000,1,840479500.00,0,sorted
hybrid_sort,15,41000,1,840479464.00,840520445.00,sorted
quick_sort,15,41000,1,840479500.00,420270499.00,reverse
dual_pivot_quick_sort,15,41000,1,840479500.00,20500.00,reverse
hybrid_sort,15,41000,1,840479500.00,420270515.00,reverse
quick_sort,15,42000,1,768642.00,415846.00,random
dual_pivot_quick_sort,15,42000,1,753990.00,298967.00,random
hybrid_sort,15,42000,1,808493.00,396839.00,random
quick_sort,15,42000,1,881979000.00,882020999.00,sorted
dual_pivot_quick_sort,15,42000,1,881979000.00,0,sorted
hybrid_sort,15,42000,1,881978964.00,882020945.00,sorted
quick_sort,15,42000,1,881979000.00,441020999.00,reverse
dual_pivot_quick_sort,15,42000,1,881979000.00,21000.00,reverse
hybrid_sort,15,42000,1,881979000.00,441021015.00,reverse
quick_sort,15,43000,1,762299.00,387273.00,random
dual_pivot_quick_sort,15,43000,1,798207.00,321445.00,random
hybrid_sort,15,43000,1,883641.00,504118.00,random
quick_sort,15,43000,1,924478500.00,924521499.00,sorted
dual_pivot_quick_sort,15,43000,1,924478500.00,0,sorted
hybrid_sort,15,43000,1,924478464.00,924521445.00,sorted
quick_sort,15,43000,1,924478500.00,462271499.00,reverse
dual_pivot_quick_sort,15,43000,1,924478500.00,21500.00,reverse
hybrid_sort,15,43000,1,924478500.00,462271515.00,reverse
quick_sort,15,44000,1,827294.00,435355.00,random
dual_pivot_quick_sort,15,44000,1,838666.00,313008.00,random
hybrid_sort,15,44000,1,838560.00,424072.00,random
quick_sort,15,44000,1,967978000.00,968021999.00,sorted
dual_pivot_quick_sort,15,44000,1,967978000.00,0,sorted
hybrid_sort,15,44000,1,967977964.00,968021945.00,sorted
quick_sort,15,44000,1,967978000.00,484021999.00,reverse
dual_pivot_quick_sort,15,44000,1,967978000.00,22000.00,reverse
hybrid_sort,15,44000,1,967978000.00,484022015.00,reverse
quick_sort,15,45000,1,825819.00,447222.00,random
dual_pivot_quick_sort,15,45000,1,887800.00,358581.00,random
hybrid_sort,15,45000,1,829719.00,440801.00,random
quick_sort,15,45000,1,1012477500.00,1012522499.00,sorted
dual_pivot_quick_sort,15,45000,1,1012477500.00,0,sorted
hybrid_sort,15,45000,1,1012477464.00,1012522445.00,sorted
quick_sort,15,45000,1,1012477500.00,506272499.00,reverse
dual_pivot_quick_sort,15,45000,1,1012477500.00,22500.00,reverse
hybrid_sort,15,45000,1,1012477500.00,506272515.00,reverse
quick_sort,15,46000,1,834704.00,434905.00,random
dual_pivot_quick_sort,15,46000,1,824711.00,320851.00,random
hybrid_sort,15,46000,1,842426.00,457972.00,random
quick_sort,15,46000,1,1057977000.00,1058022999.00,sorted
dual_pivot_quick_sort,15,46000,1,1057977000.00,0,sorted
hybrid_sort,15,46000,1,1057976964.00,1058022945.00,sorted
quick_sort,15,46000,1,1057977000.00,529022999.00,reverse
dual_pivot_quick_sort,15,46000,1,1057977000.00,23000.00,reverse
hybrid_sort,15,46000,1,1057977000.00,529023015.00,reverse
quick_sort,15,47000,1,862786.00,443516.00,random
dual_pivot_quick_sort,15,47000,1,864243.00,308034.00,random
hybrid_sort,15,47000,1,898728.00,475596.00,random
quick_sort,15,47000,1,1104476500.00,1104523499.00,sorted
dual_pivot_quick_sort,15,47000,1,1104476500.00,0,sorted
hybrid_sort,15,47000,1,1104476464.00,1104523445.00,sorted
quick_sort,15,47000,1,1104476500.00,552273499.00,reverse
dual_pivot_quick_sort,15,47000,1,1104476500.00,23500.00,reverse
hybrid_sort,15,47000,1,1104476500.00,552273515.00,reverse
quick_sort,15,48000,1,874525.00,480089.00,random
dual_pivot_quick_sort,15,48000,1,882582.00,341510.00,random
hybrid_sort,15,48000,1,878296.00,460874.00,random
quick_sort,15,48000,1,1151976000.00,1152023999.00,sorted
dual_pivot_quick_sort,15,48000,1,1151976000.00,0,sorted
hybrid_sort,15,48000,1,1151975964.00,1152023945.00,sorted
quick_sort,15,48000,1,1151976000.00,576023999.00,reverse
dual_pivot_quick_sort,15,48000,1,1151976000.00,24000.00,reverse
hybrid_sort,15,48000,1,1151976000.00,576024015.00,reverse
quick_sort,15,49000,1,894677.00,487757.00,random
dual_pivot_quick_sort,15,49000,1,935394.00,337781.00,random
hybrid_sort,15,49000,1,904830.00,454276.00,random
quick_sort,15,49000,1,1200475500.00,1200524499.00,sorted
dual_pivot_quick_sort,15,49000,1,1200475500.00,0,sorted
hybrid_sort,15,49000,1,1200475464.00,1200524445.00,sorted
quick_sort,15,49000,1,1200475500.00,600274499.00,reverse
dual_pivot_quick_sort,15,49000,1,1200475500.00,24500.00,reverse
hybrid_sort,15,49000,1,1200475500.00,600274515.00,reverse
quick_sort,15,50000,1,908259.00,458658.00,random
dual_pivot_quick_sort,15,50000,1,936942.00,336723.00,random
hybrid_sort,15,50000,1,919285.00,516710.00,random
quick_sort,15,50000,1,1249975000.00,1250024999.00,sorted
dual_pivot_quick_sort,15,50000,1,1249975000.00,0,sorted
hybrid_sort,15,50000,1,1249974964.00,1250024945.00,sorted
quick_sort,15,50000,1,1249975000.00,625024999.00,reverse
dual_pivot_quick_sort,15,50000,1,1249975000.00,25000.00,reverse
hybrid_sort,15,50000,1,1249975000.00,625025015.00,reverse
quick_sort,15,1000,10,11267.80,6027.50,random
dual_pivot_quick_sort,15,1000,10,11447.40,4229.50,random
hybrid_sort,15,1000,10,10641.20,6053.10,random
quick_sort,15,1000,10,499500.00,500499.00,sorted
dual_pivot_quick_sort,15,1000,10,499500.00,0,sorted
hybrid_sort,15,1000,10,499464.00,500445.00,sorted
quick_sort,15,1000,10,499500.00,250499.00,reverse
dual_pivot_quick_sort,15,1000,10,499500.00,500.00,reverse
hybrid_sort,15,1000,10,499500.00,250515.00,reverse
quick_sort,15,2000,10,25369.00,14003.00,random
dual_pivot_quick_sort,15,2000,10,25381.00,9773.50,random
hybrid_sort,15,2000,10,25206.40,13105.40,random
quick_sort,15,2000,10,1999000.00,2000999.00,sorted
dual_pivot_quick_sort,15,2000,10,1999000.00,0,sorted
hybrid_sort,15,2000,10,1998964.00,2000945.00,sorted
quick_sort,15,2000,10,1999000.00,1000999.00,reverse
dual_pivot_quick_sort,15,2000,10,1999000.00,1000.00,reverse
hybrid_sort,15,2000,10,1999000.00,1001015.00,reverse
quick_sort,15,3000,10,39139.10,21397.30,random
dual_pivot_quick_sort,15,3000,10,39659.40,15210.50,random
hybrid_sort,15,3000,10,39750.90,21362.50,random
quick_sort,15,3000,10,4498500.00,4501499.00,sorted
dual_pivot_quick_sort,15,3000,10,4498500.00,0,sorted
hybrid_sort,15,3000,10,4498464.00,4501445.00,sorted
quick_sort,15,3000,10,4498500.00,2251499.00,reverse
dual_pivot_quick_sort,15,3000,10,4498500.00,1500.00,reverse
hybrid_sort,15,3000,10,4498500.00,2251515.00,reverse
quick_sort,15,4000,10,54106.60,28637.20,random
dual_pivot_quick_sort,15,4000,10,54938.90,20839.90,random
hybrid_sort,15,4000,10,57272.30,30529.60,random
quick_sort,15,4000,10,7998000.00,8001999.00,sorted
dual_pivot_quick_sort,15,4000,10,7998000.00,0,sorted
hybrid_sort,15,4000,10,7997964.00,8001945.00,sorted
quick_sort,15,4000,10,7998000.00,4001999.00,reverse
dual_pivot_quick_sort,15,4000,10,7998000.00,2000.00,reverse
hybrid_sort,15,4000,10,7998000.00,4002015.00,reverse
quick_sort,15,5000,10,71404.50,38686.40,random
dual_pivot_quick_sort,15,5000,10,71415.30,26731.50,random
hybrid_sort,15,5000,10,72438.90,38940.50,random
quick_sort,15,5000,10,12497500.00,12502499.00,sorted
dual_pivot_quick_sort,15,5000,10,12497500.00,0,sorted
hybrid_sort,15,5000,10,12497464.00,12502445.00,sorted
quick_sort,15,5000,10,12497500.00,6252499.00,reverse
dual_pivot_quick_sort,15,5000,10,12497500.00,2500.00,reverse
hybrid_sort,15,5000,10,12497500.00,6252515.00,reverse
quick_sort,15,6000,10,90663.50,48216.10,random
dual_pivot_quick_sort,15,6000,10,86897.40,32577.40,random
hybrid_sort,15,6000,10,88699.30,48499.00,random
quick_sort,15,6000,10,17997000.00,18002999.00,sorted
dual_pivot_quick_sort,15,6000,10,17997000.00,0,sorted
hybrid_sort,15,6000,10,17996964.00,18002945.00,sorted
quick_sort,15,6000,10,17997000.00,9002999.00,reverse
dual_pivot_quick_sort,15,6000,10,17997000.00,3000.00,reverse
hybrid_sort,15,6000,10,17997000.00,9003015.00,reverse
quick_sort,15,7000,10,105310.40,56684.90,random
dual_pivot_quick_sort,15,7000,10,103314.20,40135.10,random
hybrid_sort,15,7000,10,106364.00,57501.70,random
quick_sort,15,7000,10,24496500.00,24503499.00,sorted
dual_pivot_quick_sort,15,7000,10,24496500.00,0,sorted
hybrid_sort,15,7000,10,24496464.00,24503445.00,sorted
quick_sort,15,7000,10,24496500.00,12253499.00,reverse
dual_pivot_quick_sort,15,7000,10,24496500.00,3500.00,reverse
hybrid_sort,15,7000,10,24496500.00,12253515.00,reverse
quick_sort,15,8000,10,122978.60,67146.20,random
dual_pivot_quick_sort,15,8000,10,121914.00,45299.30,random
hybrid_sort,15,8000,10,119007.80,62324.80,random
quick_sort,15,8000,10,31996000.00,32003999.00,sorted
dual_pivot_quick_sort,15,8000,10,31996000.00,0,sorted
hybrid_sort,15,8000,10,31995964.00,32003945.00,sorted
quick_sort,15,8000,10,31996000.00,16003999.00,reverse
dual_pivot_quick_sort,15,8000,10,31996000.00,4000.00,reverse
hybrid_sort,15,8000,10,31996000.00,16004015.00,reverse
quick_sort,15,9000,10,135035.50,74950.90,random
dual_pivot_quick_sort,15,9000,10,138009.00,55838.80,random
hybrid_sort,15,9000,10,140088.70,73597.70,random
quick_sort,15,9000,10,40495500.00,40504499.00,sorted
dual_pivot_quick_sort,15,9000,10,40495500.00,0,sorted
hybrid_sort,15,9000,10,40495464.00,40504445.00,sorted
quick_sort,15,9000,10,40495500.00,20254499.00,reverse
dual_pivot_quick_sort,15,9000,10,40495500.00,4500.00,reverse
hybrid_sort,15,9000,10,40495500.00,20254515.00,reverse
quick_sort,15,10000,10,156510.10,82030.30,random
dual_pivot_quick_sort,15,10000,10,158752.00,60534.30,random
hybrid_sort,15,10000,10,155222.60,81789.50,random
quick_sort,15,10000,10,49995000.00,50004999.00,sorted
dual_pivot_quick_sort,15,10000,10,49995000.00,0,sorted
hybrid_sort,15,10000,10,49994964.00,50004945.00,sorted
quick_sort,15,10000,10,49995000.00,25004999.00,reverse
dual_pivot_quick_sort,15,10000,10,49995000.00,5000.00,reverse
hybrid_sort,15,10000,10,49995000.00,25005015.00,reverse
quick_sort,15,11000,10,173009.40,91809.40,random
dual_pivot_quick_sort,15,11000,10,178816.90,68087.80,random
hybrid_sort,15,11000,10,176042.80,90226.10,random
quick_sort,15,11000,10,60494500.00,60505499.00,sorted
dual_pivot_quick_sort,15,11000,10,60494500.00,0,sorted
hybrid_sort,15,11000,10,60494464.00,60505445.00,sorted
quick_sort,15,11000,10,60494500.00,30255499.00,reverse
dual_pivot_quick_sort,15,11000,10,60494500.00,5500.00,reverse
hybrid_sort,15,11000,10,60494500.00,30255515.00,reverse
quick_sort,15,12000,10,195951.20,104756.10,random
dual_pivot_quick_sort,15,12000,10,189534.30,75223.40,random
hybrid_sort,15,12000,10,191950.70,102205.00,random
quick_sort,15,12000,10,71994000.00,72005999.00,sorted
dual_pivot_quick_sort,15,12000,10,71994000.00,0,sorted
hybrid_sort,15,12000,10,71993964.00,72005945.00,sorted
quick_sort,15,12000,10,71994000.00,36005999.00,reverse
dual_pivot_quick_sort,15,12000,10,71994000.00,6000.00,reverse
hybrid_sort,15,12000,10,71994000.00,36006015.00,reverse
quick_sort,15,13000,10,209476.50,113133.80,random
dual_pivot_quick_sort,15,13000,10,213555.40,83989.00,random
hybrid_sort,15,13000,10,207806.80,111813.50,random
quick_sort,15,13000,10,84493500.00,84506499.00,sorted
dual_pivot_quick_sort,15,13000,10,84493500.00,0,sorted
hybrid_sort,15,13000,10,84493464.00,84506445.00,sorted
quick_sort,15,13000,10,84493500.00,42256499.00,reverse
dual_pivot_quick_sort,15,13000,10,84493500.00,6500.00,reverse
hybrid_sort,15,13000,10,84493500.00,42256515.00,reverse
quick_sort,15,14000,10,223688.50,113921.20,random
dual_pivot_quick_sort,15,14000,10,232823.60,90817.30,random
hybrid_sort,15,14000,10,229109.70,118501.10,random
quick_sort,15,14000,10,97993000.00,98006999.00,sorted
dual_pivot_quick_sort,15,14000,10,97993000.00,0,sorted
hybrid_sort,15,14000,10,97992964.00,98006945.00,sorted
quick_sort,15,14000,10,97993000.00,49006999.00,reverse
dual_pivot_quick_sort,15,14000,10,97993000.00,7000.00,reverse
hybrid_sort,15,14000,10,97993000.00,49007015.00,reverse
quick_sort,15,15000,10,243914.50,131177.10,random
dual_pivot_quick_sort,15,15000,10,246229.70,97084.30,random
hybrid_sort,15,15000,10,248621.10,126620.00,random
quick_sort,15,15000,10,112492500.00,112507499.00,sorted
dual_pivot_quick_sort,15,15000,10,112492500.00,0,sorted
hybrid_sort,15,15000,10,112492464.00,112507445.00,sorted
quick_sort,15,15000,10,112492500.00,56257499.00,reverse
dual_pivot_quick_sort,15,15000,10,112492500.00,7500.00,reverse
hybrid_sort,15,15000,10,112492500.00,56257515.00,reverse
quick_sort,15,16000,10,266495.70,140688.00,random
dual_pivot_quick_sort,15,16000,10,267679.30,102165.30,random
hybrid_sort,15,16000,10,265686.20,143253.40,random
quick_sort,15,16000,10,127992000.00,128007999.00,sorted
dual_pivot_quick_sort,15,16000,10,127992000.00,0,sorted
hybrid_sort,15,16000,10,127991964.00,128007945.00,sorted
quick_sort,15,16000,10,127992000.00,64007999.00,reverse
dual_pivot_quick_sort,15,16000,10,127992000.00,8000.00,reverse
hybrid_sort,15,16000,10,127992000.00,64008015.00,reverse
quick_sort,15,17000,10,278697.40,150178.50,random
dual_pivot_quick_sort,15,17000,10,281951.50,112563.40,random
hybrid_sort,15,17000,10,281228.20,145752.80,random
quick_sort,15,17000,10,144491500.00,144508499.00,sorted
dual_pivot_quick_sort,15,17000,10,144491500.00,0,sorted
hybrid_sort,15,17000,10,144491464.00,144508445.00,sorted
quick_sort,15,17000,10,144491500.00,72258499.00,reverse
dual_pivot_quick_sort,15,17000,10,144491500.00,8500.00,reverse
hybrid_sort,15,17000,10,144491500.00,72258515.00,reverse
quick_sort,15,18000,10,304182.00,160703.40,random
dual_pivot_quick_sort,15,18000,10,302526.70,115022.10,random
hybrid_sort,15,18000,10,306052.90,161527.50,random
quick_sort,15,18000,10,161991000.00,162008999.00,sorted
dual_pivot_quick_sort,15,18000,10,161991000.00,0,sorted
hybrid_sort,15,18000,10,161990964.00,162008945.00,sorted
quick_sort,15,18000,10,161991000.00,81008999.00,reverse
dual_pivot_quick_sort,15,18000,10,161991000.00,9000.00,reverse
hybrid_sort,15,18000,10,161991000.00,81009015.00,reverse
quick_sort,15,19000,10,311986.90,164202.60,random
dual_pivot_quick_sort,15,19000,10,321314.30,123527.20,random
hybrid_sort,15,19000,10,316155.30,165381.00,random
quick_sort,15,19000,10,180490500.00,180509499.00,sorted
dual_pivot_quick_sort,15,19000,10,180490500.00,0,sorted
hybrid_sort,15,19000,10,180490464.00,180509445.00,sorted
quick_sort,15,19000,10,180490500.00,90259499.00,reverse
dual_pivot_quick_sort,15,19000,10,180490500.00,9500.00,reverse
hybrid_sort,15,19000,10,180490500.00,90259515.00,reverse
quick_sort,15,20000,10,339337.20,184916.70,random
dual_pivot_quick_sort,15,20000,10,337277.10,135225.90,random
hybrid_sort,15,20000,10,349227.50,186716.30,random
quick_sort,15,20000,10,199990000.00,200009999.00,sorted
dual_pivot_quick_sort,15,20000,10,199990000.00,0,sorted
hybrid_sort,15,20000,10,199989964.00,200009945.00,sorted
quick_sort,15,20000,10,199990000.00,100009999.00,reverse
dual_pivot_quick_sort,15,20000,10,199990000.00,10000.00,reverse
hybrid_sort,15,20000,10,199990000.00,100010015.00,reverse
quick_sort,15,21000,10,356503.50,180358.00,random
dual_pivot_quick_sort,15,21000,10,352023.10,140111.10,random
hybrid_sort,15,21000,10,356951.70,185155.80,random
quick_sort,15,21000,10,220489500.00,220510499.00,sorted
dual_pivot_quick_sort,15,21000,10,220489500.00,0,sorted
hybrid_sort,15,21000,10,220489464.00,220510445.00,sorted
quick_sort,15,21000,10,220489500.00,110260499.00,reverse
dual_pivot_quick_sort,15,21000,10,220489500.00,10500.00,reverse
hybrid_sort,15,21000,10,220489500.00,110260515.00,reverse
quick_sort,15,22000,10,377002.60,200167.40,random
dual_pivot_quick_sort,15,22000,10,374672.90,148869.80,random
hybrid_sort,15,22000,10,379556.00,205515.00,random
quick_sort,15,22000,10,241989000.00,242010999.00,sorted
dual_pivot_quick_sort,15,22000,10,241989000.00,0,sorted
hybrid_sort,15,22000,10,241988964.00,242010945.00,sorted
quick_sort,15,22000,10,241989000.00,121010999.00,reverse
dual_pivot_quick_sort,15,22000,10,241989000.00,11000.00,reverse
hybrid_sort,15,22000,10,241989000.00,121011015.00,reverse
quick_sort,15,23000,10,394190.50,213543.40,random
dual_pivot_quick_sort,15,23000,10,408733.10,157967.20,random
hybrid_sort,15,23000,10,397754.30,207899.50,random
quick_sort,15,23000,10,264488500.00,264511499.00,sorted
dual_pivot_quick_sort,15,23000,10,264488500.00,0,sorted
hybrid_sort,15,23000,10,264488464.00,264511445.00,sorted
quick_sort,15,23000,10,264488500.00,132261499.00,reverse
dual_pivot_quick_sort,15,23000,10,264488500.00,11500.00,reverse
hybrid_sort,15,23000,10,264488500.00,132261515.00,reverse
quick_sort,15,24000,10,421020.40,221449.40,random
dual_pivot_quick_sort,15,24000,10,415649.60,164811.00,random
hybrid_sort,15,24000,10,423634.00,228570.70,random
quick_sort,15,24000,10,287988000.00,288011999.00,sorted
dual_pivot_quick_sort,15,24000,10,287988000.00,0,sorted
hybrid_sort,15,24000,10,287987964.00,288011945.00,sorted
quick_sort,15,24000,10,287988000.00,144011999.00,reverse
dual_pivot_quick_sort,15,24000,10,287988000.00,12000.00,reverse
hybrid_sort,15,24000,10,287988000.00,144012015.00,reverse
quick_sort,15,25000,10,443707.40,235559.80,random
dual_pivot_quick_sort,15,25000,10,430573.90,170477.50,random
hybrid_sort,15,25000,10,432897.80,225757.70,random
quick_sort,15,25000,10,312487500.00,312512499.00,sorted
dual_pivot_quick_sort,15,25000,10,312487500.00,0,sorted
hybrid_sort,15,25000,10,312487464.00,312512445.00,sorted
quick_sort,15,25000,10,312487500.00,156262499.00,reverse
dual_pivot_quick_sort,15,25000,10,312487500.00,12500.00,reverse
hybrid_sort,15,25000,10,312487500.00,156262515.00,reverse
quick_sort,15,26000,10,459396.70,242266.50,random
dual_pivot_quick_sort,15,26000,10,453345.10,182552.80,random
hybrid_sort,15,26000,10,459501.00,235699.30,random
quick_sort,15,26000,10,337987000.00,338012999.00,sorted
dual_pivot_quick_sort,15,26000,10,337987000.00,0,sorted
hybrid_sort,15,26000,10,337986964.00,338012945.00,sorted
quick_sort,15,26000,10,337987000.00,169012999.00,reverse
dual_pivot_quick_sort,15,26000,10,337987000.00,13000.00,reverse
hybrid_sort,15,26000,10,337987000.00,169013015.00,reverse
quick_sort,15,27000,10,471437.00,260352.80,random
dual_pivot_quick_sort,15,27000,10,474642.40,188378.80,random
hybrid_sort,15,27000,10,477322.50,252231.20,random
quick_sort,15,27000,10,364486500.00,364513499.00,sorted
dual_pivot_quick_sort,15,27000,10,364486500.00,0,sorted
hybrid_sort,15,27000,10,364486464.00,364513445.00,sorted
quick_sort,15,27000,10,364486500.00,182263499.00,reverse
dual_pivot_quick_sort,15,27000,10,364486500.00,13500.00,reverse
hybrid_sort,15,27000,10,364486500.00,182263515.00,reverse
quick_sort,15,28000,10,501502.00,262150.80,random
dual_pivot_quick_sort,15,28000,10,496494.30,196857.30,random
hybrid_sort,15,28000,10,500806.50,257243.50,random
quick_sort,15,28000,10,391986000.00,392013999.00,sorted
dual_pivot_quick_sort,15,28000,10,391986000.00,0,sorted
hybrid_sort,15,28000,10,391985964.00,392013945.00,sorted
quick_sort,15,28000,10,391986000.00,196013999.00,reverse
dual_pivot_quick_sort,15,28000,10,391986000.00,14000.00,reverse
hybrid_sort,15,28000,10,391986000.00,196014015.00,reverse
quick_sort,15,29000,10,521570.70,287731.40,random
dual_pivot_quick_sort,15,29000,10,513446.00,203065.30,random
hybrid_sort,15,29000,10,507686.00,265340.90,random
quick_sort,15,29000,10,420485500.00,420514499.00,sorted
dual_pivot_quick_sort,15,29000,10,420485500.00,0,sorted
hybrid_sort,15,29000,10,420485464.00,420514445.00,sorted
quick_sort,15,29000,10,420485500.00,210264499.00,reverse
dual_pivot_quick_sort,15,29000,10,420485500.00,14500.00,reverse
hybrid_sort,15,29000,10,420485500.00,210264515.00,reverse
quick_sort,15,30000,10,530195.00,290768.20,random
dual_pivot_quick_sort,15,30000,10,530201.20,212838.30,random
hybrid_sort,15,30000,10,550717.00,290073.80,random
quick_sort,15,30000,10,449985000.00,450014999.00,sorted
dual_pivot_quick_sort,15,30000,10,449985000.00,0,sorted
hybrid_sort,15,30000,10,449984964.00,450014945.00,sorted
quick_sort,15,30000,10,449985000.00,225014999.00,reverse
dual_pivot_quick_sort,15,30000,10,449985000.00,15000.00,reverse
hybrid_sort,15,30000,10,449985000.00,225015015.00,reverse
quick_sort,15,31000,10,559317.30,301119.10,random
dual_pivot_quick_sort,15,31000,10,563383.90,219870.30,random
hybrid_sort,15,31000,10,557606.20,299533.20,random
quick_sort,15,31000,10,480484500.00,480515499.00,sorted
dual_pivot_quick_sort,15,31000,10,480484500.00,0,sorted
hybrid_sort,15,31000,10,480484464.00,480515445.00,sorted
quick_sort,15,31000,10,480484500.00,240265499.00,reverse
dual_pivot_quick_sort,15,31000,10,480484500.00,15500.00,reverse
hybrid_sort,15,31000,10,480484500.00,240265515.00,reverse
quick_sort,15,32000,10,571771.40,291801.30,random
dual_pivot_quick_sort,15,32000,10,578920.50,223123.80,random
hybrid_sort,15,32000,10,582374.60,306554.20,random
quick_sort,15,32000,10,511984000.00,512015999.00,sorted
dual_pivot_quick_sort,15,32000,10,511984000.00,0,sorted
hybrid_sort,15,32000,10,511983964.00,512015945.00,sorted
quick_sort,15,32000,10,511984000.00,256015999.00,reverse
dual_pivot_quick_sort,15,32000,10,511984000.00,16000.00,reverse
hybrid_sort,15,32000,10,511984000.00,256016015.00,reverse
quick_sort,15,33000,10,598566.20,314384.50,random
dual_pivot_quick_sort,15,33000,10,597125.70,226466.10,random
hybrid_sort,15,33000,10,600481.90,322521.80,random
quick_sort,15,33000,10,544483500.00,544516499.00,sorted
dual_pivot_quick_sort,15,33000,10,544483500.00,0,sorted
hybrid_sort,15,33000,10,544483464.00,544516445.00,sorted
quick_sort,15,33000,10,544483500.00,272266499.00,reverse
dual_pivot_quick_sort,15,33000,10,544483500.00,16500.00,reverse
hybrid_sort,15,33000,10,544483500.00,272266515.00,reverse
quick_sort,15,34000,10,609897.00,322717.80,random
dual_pivot_quick_sort,15,34000,10,618408.20,234027.80,random
hybrid_sort,15,34000,10,627351.00,327304.70,random
quick_sort,15,34000,10,577983000.00,578016999.00,sorted
dual_pivot_quick_sort,15,34000,10,577983000.00,0,sorted
hybrid_sort,15,34000,10,577982964.00,578016945.00,sorted
quick_sort,15,34000,10,577983000.00,289016999.00,reverse
dual_pivot_quick_sort,15,34000,10,577983000.00,17000.00,reverse
hybrid_sort,15,34000,10,577983000.00,289017015.00,reverse
quick_sort,15,35000,10,629501.20,324628.50,random
dual_pivot_quick_sort,15,35000,10,640533.20,248048.30,random
hybrid_sort,15,35000,10,649624.90,331507.80,random
quick_sort,15,35000,10,612482500.00,612517499.00,sorted
dual_pivot_quick_sort,15,35000,10,612482500.00,0,sorted
hybrid_sort,15,35000,10,612482464.00,612517445.00,sorted
quick_sort,15,35000,10,612482500.00,306267499.00,reverse
dual_pivot_quick_sort,15,35000,10,612482500.00,17500.00,reverse
hybrid_sort,15,35000,10,612482500.00,306267515.00,reverse
quick_sort,15,36000,10,647252.10,340987.80,random
dual_pivot_quick_sort,15,36000,10,665219.90,260663.20,random
hybrid_sort,15,36000,10,673823.10,354391.60,random
quick_sort,15,36000,10,647982000.00,648017999.00,sorted
dual_pivot_quick_sort,15,36000,10,647982000.00,0,sorted
hybrid_sort,15,36000,10,647981964.00,648017945.00,sorted
quick_sort,15,36000,10,647982000.00,324017999.00,reverse
dual_pivot_quick_sort,15,36000,10,647982000.00,18000.00,reverse
hybrid_sort,15,36000,10,647982000.00,324018015.00,reverse
quick_sort,15,37000,10,699409.80,371200.80,random
dual_pivot_quick_sort,15,37000,10,665259.80,261030.00,random
hybrid_sort,15,37000,10,672346.00,353392.30,random
quick_sort,15,37000,10,684481500.00,684518499.00,sorted
dual_pivot_quick_sort,15,37000,10,684481500.00,0,sorted
hybrid_sort,15,37000,10,684481464.00,684518445.00,sorted
quick_sort,15,37000,10,684481500.00,342268499.00,reverse
dual_pivot_quick_sort,15,37000,10,684481500.00,18500.00,reverse
hybrid_sort,15,37000,10,684481500.00,342268515.00,reverse
quick_sort,15,38000,10,700672.90,373749.00,random
dual_pivot_quick_sort,15,38000,10,689828.70,277127.90,random
hybrid_sort,15,38000,10,698905.10,370351.30,random
quick_sort,15,38000,10,721981000.00,722018999.00,sorted
dual_pivot_quick_sort,15,38000,10,721981000.00,0,sorted
hybrid_sort,15,38000,10,721980964.00,722018945.00,sorted
quick_sort,15,38000,10,721981000.00,361018999.00,reverse
dual_pivot_quick_sort,15,38000,10,721981000.00,19000.00,reverse
hybrid_sort,15,38000,10,721981000.00,361019015.00,reverse
quick_sort,15,39000,10,713197.30,372500.20,random
dual_pivot_quick_sort,15,39000,10,731537.90,283917.30,random
hybrid_sort,15,39000,10,721837.50,377848.10,random
quick_sort,15,39000,10,760480500.00,760519499.00,sorted
dual_pivot_quick_sort,15,39000,10,760480500.00,0,sorted
hybrid_sort,15,39000,10,760480464.00,760519445.00,sorted
quick_sort,15,39000,10,760480500.00,380269499.00,reverse
dual_pivot_quick_sort,15,39000,10,760480500.00,19500.00,reverse
hybrid_sort,15,39000,10,760480500.00,380269515.00,reverse
quick_sort,15,40000,10,752713.10,401946.20,random
dual_pivot_quick_sort,15,40000,10,739335.60,284238.90,random
hybrid_sort,15,40000,10,745788.70,404984.10,random
quick_sort,15,40000,10,799980000.00,800019999.00,sorted
dual_pivot_quick_sort,15,40000,10,799980000.00,0,sorted
hybrid_sort,15,40000,10,799979964.00,800019945.00,sorted
quick_sort,15,40000,10,799980000.00,400019999.00,reverse
dual_pivot_quick_sort,15,40000,10,799980000.00,20000.00,reverse
hybrid_sort,15,40000,10,799980000.00,400020015.00,reverse
quick_sort,15,41000,10,753925.70,395401.10,random
dual_pivot_quick_sort,15,41000,10,763416.40,296186.00,random
hybrid_sort,15,41000,10,763517.80,403959.30,random
quick_sort,15,41000,10,840479500.00,840520499.00,sorted
dual_pivot_quick_sort,15,41000,10,840479500.00,0,sorted
